id,year,course name
2777729,1,science
2777730,2,science
2777765,1,arts
2777766,2,arts
2777785,1,mba
2777786,2,mba
2777793,1,mba 2nd shift
2777794,2,mba 2nd shift
2777795,1,mca 2nd shift
2777796,2,mca 2nd shift
2777797,3,mca 2nd shift
2777798,1,bjmc
2777799,2,bjmc
2777800,3,bjmc
2777814,1,history
2777815,2,history
2777837,4,chemistry
2777858,4,botany
2604364,1,history
2604408,3,finance
2604407,2,finance
2604420,1,physics
2777899,1,computer science
2604365,2,history
2604413,2,english
2604406,1,finance
2604366,3,history
2604412,1,english
2604421,2,physics
2777900,4,commerce
2777918,1,applied science & humanities
2777919,2,applied science & humanities
2777920,3,applied science & humanities
2777924,1,political science
2777925,2,political science
2777938,1,arts
2777939,2,arts
2777940,3,arts
2777943,1,btc 2013
2777944,2,btc 2013
2777978,1,botany
2777979,2,botany
2267347,3,science
2267346,2,science
2267345,1,science
2778042,1,mobile communication
2778043,2,mobile communication
2778044,3,mobile communication
2778045,1,computer engg
2778046,2,computer engg
2778047,3,computer engg
2778048,1,digital electronics
2778049,2,digital electronics
2778050,3,digital electronics
2778069,1,science arts
2778070,2,science arts
2604139,1,arts
2604140,2,arts
2778185,1,molecular virology
2778186,2,molecular virology
2778023,2,commerce
2778021,3,science
2778020,2,science
2778019,1,science
2778022,1,commerce
2778014,1,english geography
2778015,2,english geography
2778024,3,commerce
2778255,1,science
2778256,2,science
2778257,3,science
2778347,1,arts
2778348,2,arts
2778349,3,arts
2778352,1,chemistry
2778353,2,chemistry
2778412,1,physics
2778413,2,physics
2778444,1,economics
2778445,2,economics
2778446,3,economics
2778456,1,chemical engineering
2778457,2,chemical engineering
2778458,3,chemical engineering
2778459,4,chemical engineering
2778460,5,chemical engineering
2778463,1,infra structural engineering
2778464,2,infra structural engineering
2778512,1,electronics & communication engineering
2778513,2,electronics & communication engineering
2778514,3,electronics & communication engineering
2778515,4,electronics & communication engineering
2778516,1,drugs and pharmaceuticals
2778517,2,drugs and pharmaceuticals
2778528,1,fibre optics and communication
2778529,2,fibre optics and communication
2778552,1,mechanical engineering
2778553,2,mechanical engineering
2778554,3,mechanical engineering
2778555,4,mechanical engineering
2778556,5,mechanical engineering
2778557,1,computer science & engineering
2778558,2,computer science & engineering
2778559,3,computer science & engineering
2778560,4,computer science & engineering
2778561,1,civil engineering
2778562,2,civil engineering
2778563,3,civil engineering
2778564,4,civil engineering
2778565,5,civil engineering
2778597,1,d.el.ed
2778598,2,d.el.ed
2778618,1,bengali
2778619,2,bengali
2778620,3,bengali
2778723,1,bengali
2778724,2,bengali
2778725,3,bengali
2778784,1,ece
2778785,2,ece
2778786,3,ece
2778787,4,ece
2778806,1,management
2778807,2,management
2778808,3,management
2778809,1,management
2778810,2,management
2778811,3,management
2778818,1,civil
2778819,2,civil
2778820,3,civil
2778839,1,mathematics
2778840,2,mathematics
2778841,3,mathematics
2778845,1,commerce
2778846,2,commerce
2778847,3,commerce
2778869,1,english
2778870,2,english
2778871,3,english
2639157,2,arts
2639158,3,arts
2639156,1,arts
2778896,1,arts
2778897,2,arts
2778898,3,arts
2779070,1,general
2779071,2,general
2779072,3,general
2779091,1,microbiology-botany-chemistry
2779092,2,microbiology-botany-chemistry
2779093,3,microbiology-botany-chemistry
2779094,1,b.b.m
2779095,2,b.b.m
2779096,3,b.b.m
2779182,1,science
2779183,2,science
2779184,3,science
2779219,1,commerce
2779220,2,commerce
2779221,3,commerce
2779222,4,commerce
2779286,1,music
2779287,2,music
2779288,3,music
2779289,4,music
2779300,1,sociology
2779301,2,sociology
2779302,3,sociology
2779303,4,sociology
2779304,1,mathematics
2779305,2,mathematics
2779306,3,mathematics
2779318,1,philosophy
2779319,2,philosophy
2779320,3,philosophy
2779321,4,philosophy
2779322,1,english
2779323,2,english
2779324,3,english
2779325,4,english
2779341,1,english
2779342,2,english
2779343,3,english
2779350,1,botany
2779351,2,botany
2779352,3,botany
2779362,1,sanskrit
2779363,2,sanskrit
2779364,3,sanskrit
2605328,2,mathematics
2605304,1,sociology
2605318,1,urdu
2605329,3,mathematics
2605319,2,urdu
2605327,1,mathematics
2605306,3,sociology
2605305,2,sociology
2605320,3,urdu
2779378,1,co
2779379,2,co
2779380,3,co
2779390,1,education
2779411,1,science
2779412,2,science
2779413,3,science
2779417,1,education
2779418,2,education
2779419,1,general
2779420,2,general
2779421,3,general
2779439,1,mechanical
2779440,2,mechanical
2779441,3,mechanical
2779453,1,commerce
2779454,2,commerce
2779476,1,pali
2779477,2,pali
2779478,3,pali
2779518,1,zoology
2779519,2,zoology
2779520,3,zoology
2779551,1,home science
2779552,2,home science
2779553,3,home science
2779592,1,mechanical
2779593,2,mechanical
2779594,3,mechanical
2779647,1,business administration
2779648,2,business administration
2779716,1,science
2779717,2,science
2779718,3,science
2779761,1,civil engineering
2779762,2,civil engineering
2779763,3,civil engineering
2779770,1,arts
2779771,2,arts
2779772,3,arts
2779822,1,taalvadya-parichay
2779823,2,taalvadya-parichay
2779862,1,dance-parangat
2779863,2,dance-parangat
2779882,1,business administration
2779883,2,business administration
2779936,1,civil engineering
2779937,2,civil engineering
2779938,3,civil engineering
2779939,4,civil engineering
2779964,1,science
2779965,2,science
2779966,3,science
2779974,1,nursing
2779975,2,nursing
2779976,3,nursing
2779977,1,arts
2779978,2,arts
2779979,3,arts
2780046,3,science
2780047,1,science
2780050,1,arts
2780056,2,science
2780059,3,science
2780061,2,arts
2780063,1,science
2780066,3,arts
2780067,2,science
2780070,2,science
2780073,3,science
2780078,1,science
2780124,1,mat
2780125,2,mat
2780126,3,mat
2780157,1,electro nics and commun ications enginee ring
2780158,2,electro nics and commun ications enginee ring
2780171,1,mechanical engg.
2780172,2,mechanical engg.
2780173,3,mechanical engg.
2780174,4,mechanical engg.
2780205,1,science
2780206,2,science
2780207,3,science
2777622,1,electronics
2777624,3,electronics
2777648,1,administration services
2777650,3,administration services
2777649,2,administration services
2777623,2,electronics
2777625,4,electronics
2780258,1,git
2780259,2,git
2780263,1,arts
2780264,2,arts
2780265,3,arts
2780266,4,arts
2780267,5,arts
2780268,5,arts
2780269,5,arts
2780270,5,arts
2780274,1,education
2780275,2,education
2780308,1,philosophy
2780309,2,philosophy
2780310,3,philosophy
2780311,1,geography
2780312,2,geography
2780313,3,geography
2780420,1,science
2780421,2,science
2780422,3,science
2780461,1,veterinary epidemiology & preventive medicine
2780462,2,veterinary epidemiology & preventive medicine
2780513,1,science
2780514,2,science
2780515,3,science
2780533,1,library
2780597,1,computer
2780598,2,computer
2780603,1,computer
2780604,2,computer
2780605,3,computer
2780606,4,computer
2780890,1,diploma in computer engineering
2780891,2,diploma in computer engineering
2780892,3,diploma in computer engineering
2780905,1,d.ed
2780906,2,d.ed
2780913,1,commerce
2780914,2,commerce
2780915,3,commerce
2780936,1,electronics and communication
2780937,2,electronics and communication
2780938,3,electronics and communication
2780939,4,electronics and communication
2781009,2,environmental engg.
2781004,1,environment
2781026,1,nuclear science & engineering
2781008,1,environmental engg.
2781006,3,environment
2781007,4,environment
2781027,2,nuclear science & engineering
2781005,2,environment
2781244,1,sanskrit
2781245,2,sanskrit
2781246,3,sanskrit
2781247,1,urdu
2781248,2,urdu
2781249,3,urdu
2781262,1,maithili
2781263,2,maithili
2781264,3,maithili
2781277,1,computer
2781278,2,computer
2781279,3,computer
2781290,1,discipline
2781291,2,discipline
2781292,3,discipline
2781311,1,mathematics
2781314,1,computer engineering
2781315,2,computer engineering
2781316,3,computer engineering
2781320,1,electronics engineering
2781321,2,electronics engineering
2781322,3,electronics engineering
2781331,1,cse
2781332,2,cse
2781333,3,cse
2781334,4,cse
2781350,1,arts
2781351,2,arts
2781352,3,arts
2781359,1,cse
2781360,2,cse
2781361,3,cse
2781362,4,cse
2781463,1,quality assurance
2781464,2,quality assurance
2781568,1,sociology
2781569,2,sociology
2781570,3,sociology
2781583,1,arts
2781584,2,arts
2781585,3,arts
2781625,1,arts
2781626,2,arts
2781627,3,arts
2781631,1,science
2781632,2,science
2781633,3,science
2781643,1,commerce
2781644,2,commerce
2781645,3,commerce
2781658,1,maths
2781659,2,maths
2781660,3,maths
2781742,1,education
2781743,2,education
2781790,1,commerce
2781791,2,commerce
2781792,3,commerce
2781793,1,computer application
2781794,2,computer application
2781795,3,computer application
2781796,1,arts
2781797,2,arts
2781798,3,arts
2781836,1,english
2781837,2,english
2781838,3,english
2781839,1,business administration
2781840,2,business administration
2781841,1,law
2781842,2,law
2781843,3,law
2781844,1,dcl
2781869,1,construction technology
2781870,2,construction technology
2781893,1,english
2781894,2,english
2781949,1,database
2781950,2,database
2781951,3,database
2781952,4,database
2781953,1,hcl
2781954,2,hcl
2781961,1,data structure
2781962,2,data structure
2781963,3,data structure
2781964,4,data structure
2781977,1,korean
2781978,2,korean
2781979,3,korean
2781980,4,korean
2781983,1,computer architecture
2781984,2,computer architecture
2781985,3,computer architecture
2781986,4,computer architecture
2782002,1,civil
2782003,2,civil
2782004,3,civil
2782116,1,commerce
2782117,2,commerce
2782118,3,commerce
2782122,1,management
2782123,2,management
2782124,3,management
2782127,1,commerce
2782128,2,commerce
2782214,1,general
2782215,2,general
2782216,3,general
2782217,4,general
2782235,1,sanskrit
2782236,2,sanskrit
2782237,3,sanskrit
2782265,1,hindi
2782266,2,hindi
2782267,3,hindi
2782292,1,urdu
2782293,2,urdu
2782294,3,urdu
2249190,2,admistrator
2249189,1,admistrator
2249191,3,admistrator
2782348,1,science
2782349,2,science
2782350,3,science
2782387,1,civit
2782388,2,civit
2782389,3,civit
2782393,1,electrical
2782394,2,electrical
2782395,3,electrical
2782407,1,coumputer science
2782408,4,coumputer science
2782410,2,coumputer science
2782412,3,coumputer science
2782460,1,ca
2782461,2,ca
2782462,3,ca
2782463,1,it cs
2782464,2,it cs
2782470,1,science
2782471,2,science
2782472,3,science
2782536,1,arts
2782537,1,arts
2782538,2,arts
2782539,2,arts
2782540,3,arts
2782541,3,arts
2782542,1,education
2782552,1,agriculture
2782553,2,agriculture
2782554,3,agriculture
2782555,4,agriculture
2782564,4,pathology
2782589,1,sociology
2782590,2,sociology
2782628,1,english
2782629,2,english
2782630,1,history
2782631,2,history
2782632,3,history
2782647,1,bio-chemistry
2782648,2,bio-chemistry
2782652,4,physics
2782653,1,botany
2782654,2,botany
2782748,1,english literature
2782749,2,english literature
2782750,3,english literature
2782754,1,arts
2782755,2,arts
2782756,3,arts
2760271,1,tax procedure and practice
2760273,3,tax procedure and practice
2760272,2,tax procedure and practice
2782778,1,chemistry
2782779,2,chemistry
2782872,1,civil engineering
2782873,2,civil engineering
2782874,3,civil engineering
2782912,1,bsc bzc
2782913,2,bsc bzc
2782914,3,bsc bzc
2783000,1,electrical engineering
2783001,2,electrical engineering
2783002,3,electrical engineering
2783009,1,electronics & communication engineeering
2783010,2,electronics & communication engineeering
2783011,3,electronics & communication engineeering
2783012,1,mechanical engineering
2783013,2,mechanical engineering
2783014,3,mechanical engineering
2783027,1,education
2783031,1,science
2783032,2,science
2783033,3,science
2783062,4,home sc. food & nutrition
2783074,4,political science
2783091,4,aih
2783103,4,philosophy
2783106,4,bengali
2783116,1,hindi
2783117,2,hindi
2783130,4,commerce
2783149,4,chemistry
2783191,1,computer application
2783192,2,computer application
2783193,3,computer application
2783220,1,commerce
2783221,2,commerce
2783224,1,economics
2783225,2,economics
2783236,1,professional  accounting
2783237,2,professional  accounting
2783238,3,professional  accounting
2783252,1,computer applications
2783253,2,computer applications
2783254,3,computer applications
2783267,4,physics
2783297,1,computer applications
2783298,2,computer applications
2783299,3,computer applications
2783303,1,mathematics
2783304,2,mathematics
2783316,1,computer science
2783317,2,computer science
2781420,2,engineering & technology
2781436,2,engineering & technology
2781419,1,engineering & technology
2781422,4,engineering & technology
2781435,1,engineering & technology
2781421,3,engineering & technology
2783366,1,electronics & communication engg
2783367,2,electronics & communication engg
2783370,1,electronics & communication engg
2783371,2,electronics & communication engg
2783372,3,electronics & communication engg
2783373,4,electronics & communication engg
2783376,1,computer science and engineering
2783377,2,computer science and engineering
2783378,3,computer science and engineering
2783379,4,computer science and engineering
2783382,1,civil engineering
2783383,2,civil engineering
2783384,3,civil engineering
2783385,4,civil engineering
2783398,1,electronics & communication engg
2783399,2,electronics & communication engg
2783400,3,electronics & communication engg
2783401,1,electrical engineering
2783402,2,electrical engineering
2783403,3,electrical engineering
2783421,1,cbz
2783422,2,cbz
2783423,3,cbz
2783495,1,electrical
2783496,2,electrical
2783497,3,electrical
2783515,1,arts
2783516,2,arts
2783517,3,arts
2783587,1,computer engg with specialization in cloud computing.
2783588,2,computer engg with specialization in cloud computing.
2783589,3,computer engg with specialization in cloud computing.
2783590,4,computer engg with specialization in cloud computing.
2783625,1,electronics & communication engg.  with specialization in  vlsi design & embedded systems
2783626,2,electronics & communication engg.  with specialization in  vlsi design & embedded systems
2783637,1,bio technology
2783638,2,bio technology
2783664,1,information technology
2783665,2,information technology
2783666,3,information technology
2783674,1,english
2783675,2,english
2783676,3,english
2783683,1,nutrition & dietetics
2783684,2,nutrition & dietetics
2783690,1,physiotherapy
2783691,2,physiotherapy
2783708,1,biotechnology
2783709,2,biotechnology
2783710,3,biotechnology
2783711,4,biotechnology
2783763,1,arts
2783764,2,arts
2783765,3,arts
2783766,1,arts
2783767,2,arts
2783768,3,arts
2783801,1,arts
2783802,2,arts
2783803,3,arts
2783804,1,science
2783805,2,science
2783806,3,science
2783831,1,science
2783832,2,science
2783895,1,(biotechnology))
2783896,2,(biotechnology))
2783901,1,social science
2783902,2,social science
2783905,1,lib. & info sci
2783958,1,electronics & comm. engg.
2783959,2,electronics & comm. engg.
2783960,4,electronics & comm. engg.
2783966,1,english
2783967,2,english
2783973,4,punjabi
2783979,1,full time
2783990,4,physical edu.
2784019,1,bpt
2784020,2,bpt
2784021,3,bpt
2784022,4,bpt
2784027,1,mangement
2784028,2,mangement
2784029,3,mangement
2784088,1,bzc
2784089,2,bzc
2784090,3,bzc
2784108,1,zoology
2784109,2,zoology
2784136,1,coumputer science
2784137,2,coumputer science
2784138,3,coumputer science
2784154,1,commerce
2784155,2,commerce
2784162,1,chemistry
2784163,2,chemistry
2784164,3,chemistry
2784175,1,maths
2784176,2,maths
2784203,1,zoology
2784204,2,zoology
2784233,1,computer science
2784234,2,computer science
2784241,4,hindi
2784360,1,b.ed.
2784361,2,b.ed.
2784397,1,power systems engineering
2784398,2,power systems engineering
2784407,1,computer integrated manufacturing
2784408,2,computer integrated manufacturing
2784411,1,automobile engineering
2784412,2,automobile engineering
2784435,1,chemical engineering
2784436,2,chemical engineering
2784437,3,chemical engineering
2784438,4,chemical engineering
2784465,1,m.sc chemistry(analytical chemistry)
2784466,2,m.sc chemistry(analytical chemistry)
2784491,1,if
2784492,2,if
2784493,3,if
2784515,1,arts
2784516,2,arts
2784517,3,arts
2784531,1,arts
2784532,2,arts
2784533,3,arts
2784600,1,arts
2784601,2,arts
2784602,3,arts
2784617,1,kayachikitsa
2784618,2,kayachikitsa
2784619,3,kayachikitsa
2784632,1,rasshastra evum bhaisgya kalpana
2784633,2,rasshastra evum bhaisgya kalpana
2784634,3,rasshastra evum bhaisgya kalpana
2784671,1,electrical
2784672,2,electrical
2784673,3,electrical
2784723,1,arts
2784724,2,arts
2784748,1,thermal power engineering
2784749,2,thermal power engineering
2784884,1,msc cs
2784885,2,msc cs
2784890,1,pgdca
2784899,1,electros & communicationnic
2784900,2,electros & communicationnic
2784901,3,electros & communicationnic
2784902,4,electros & communicationnic
2683699,2,home science
2683700,3,home science
2683688,3,urdu
2683686,1,urdu
2683698,1,home science
2683687,2,urdu
2784912,1,yes
2784913,2,yes
2784914,3,yes
2784915,1,math chemistry
2784916,2,math chemistry
2784927,1,dcp
2784928,2,dcp
2784929,3,dcp
2784948,1,mechanical engineering
2784949,2,mechanical engineering
2784950,3,mechanical engineering
2784951,4,mechanical engineering
2784989,1,pharmacognosy
2784990,2,pharmacognosy
2785019,1,deee
2785020,2,deee
2785021,3,deee
2785051,1,arts
2785052,2,arts
2785053,3,arts
2785078,1,science
2785079,2,science
2785093,4,physical education
2785095,1,physical education
2785099,4,environmental science
2785103,4,aqua culture
2785119,1,botany
2785120,2,botany
2785174,1,nanotechnology
2785175,2,nanotechnology
2785176,3,nanotechnology
2785177,4,nanotechnology
2785178,5,nanotechnology
2785191,4,statistics
2785218,4,history & archeology
2785223,1,history & archeology
2785230,1,management
2785231,2,management
2785301,1,mca
2785302,2,mca
2785326,1,mathematics
2785327,2,mathematics
2785328,3,mathematics
2785329,1,commerce
2785343,1,english
2785344,2,english
2785367,1,history
2785368,1,international business
2785369,2,international business
2785373,1,computer science
2785374,2,computer science
2785375,3,computer science
2785379,1,chemstry
2785380,1,history
2785381,2,history
2785382,3,history
2785388,1,geography
2785389,2,geography
2785390,3,geography
2785405,1,physics
2785406,2,physics
2785407,3,physics
2785412,1,education
2785457,1,computer
2785458,2,computer
2785491,1,commerce
2785492,2,commerce
2785493,3,commerce
2636995,3,yoga
2636997,2,yoga
2637012,1,yoga
2637002,3,yoga
2637000,1,yoga
2637001,2,yoga
2637013,3,yoga
2636994,2,yoga
2636993,1,yoga
2636996,1,yoga
2637015,2,yoga
2785550,1,arts/science
2785574,1,b.ed
2785617,1,science
2785618,2,science
2785619,3,science
2785620,4,science
2785666,1,education
2785677,1,finance
2785678,2,finance
2785679,3,finance
2620066,1,nursing
2620067,2,nursing
2785735,1,computer science
2785765,1,computer science
2785830,1,computer science
2785894,1,me
2785895,1,me
2785896,2,me
2785897,2,me
2785898,3,me
2785899,3,me
2785900,4,me
2785901,4,me
2785902,1,cse
2785903,1,cse
2785904,2,cse
2785905,2,cse
2785906,3,cse
2785907,3,cse
2785908,4,cse
2785909,4,cse
2693668,4,nursing
2693665,2,nursing
2693666,3,nursing
2693663,1,nursing
2693669,4,nursing
2693667,3,nursing
2693662,1,nursing
2693664,2,nursing
2785978,1,electrical engg
2785979,2,electrical engg
2785980,3,electrical engg
2785981,4,electrical engg
2786016,4,ee
2786017,4,ee
2786026,1,arts
2786027,2,arts
2786028,3,arts
2786044,1,science
2786045,2,science
2786046,3,science
2786047,1,arts
2786048,2,arts
2786049,3,arts
2786097,1,marathi
2786098,2,marathi
2786099,3,marathi
2786119,1,bsc mpe
2786120,2,bsc mpe
2786121,3,bsc mpe
2786131,1,bsc btmc
2786132,2,bsc btmc
2786133,3,bsc btmc
2786153,1,electronic
2786154,2,electronic
2786155,3,electronic
2786163,1,science
2786164,2,science
2786165,3,science
2786184,1,technician
2786185,1,lab technology
2786186,2,lab technology
2786226,1,commerce
2786227,2,commerce
2786228,3,commerce
2545861,3,engineering
2545858,1,engineering
2545862,3,engineering
2545860,2,engineering
2545859,2,engineering
2545863,4,engineering
2545864,4,engineering
2545857,1,engineering
2786230,1,bzc
2786231,2,bzc
2786232,3,bzc
2786248,1,mechanical engg
2786249,2,mechanical engg
2786250,1,mechanical engg
2786251,2,mechanical engg
2786252,3,mechanical engg
2786253,4,mechanical engg
2786266,1,biotechnology
2786267,2,biotechnology
2786268,3,biotechnology
2786269,4,biotechnology
2786369,1,general medicine
2786370,1,general medicine
2786371,2,general medicine
2786372,2,general medicine
2786373,3,general medicine
2786374,3,general medicine
2786429,1,mbbs
2786430,1,mbbs
2786431,2,mbbs
2786432,2,mbbs
2786433,3,mbbs
2786434,3,mbbs
2786435,4,mbbs
2786436,4,mbbs
2786437,5,mbbs
2786438,5,mbbs
2786466,1,civil
2786467,2,civil
2786468,3,civil
2786491,1,education
2786492,2,education
2786513,1,computer science
2786514,2,computer science
2786515,3,computer science
2786559,1,polotical
2786560,2,polotical
2786563,1,sociology
2786564,2,sociology
2518514,2,engg. & tech.
2518516,4,engg. & tech.
2518513,1,engg. & tech.
2518515,3,engg. & tech.
2786589,1,computer appplication
2786590,2,computer appplication
2786608,1,management
2786614,1,commerce
2786615,2,commerce
2786616,3,commerce
2786633,1,computer application
2786634,2,computer application
2786635,3,computer application
2786659,1,bio chemistry
2786660,2,bio chemistry
2786661,3,bio chemistry
2786665,1,buisiness administration
2786666,2,buisiness administration
2786667,3,buisiness administration
2786671,1,corporate secaratoryship
2786672,2,corporate secaratoryship
2786673,3,corporate secaratoryship
2786674,1,commerce
2786675,2,commerce
2786679,1,english
2786680,2,english
2786681,3,english
2786698,1,ee
2786699,2,ee
2786700,3,ee
2786701,4,ee
2786708,1,ee
2786709,2,ee
2786710,3,ee
2786720,1,digital communicati ons
2786721,2,digital communicati ons
2786722,1,mca
2786723,2,mca
2786724,3,mca
2786742,1,computer
2786743,2,computer
2786744,1,commerce
2786755,1,bio chemistry
2786756,2,bio chemistry
2786757,3,bio chemistry
2786805,1,english
2786841,1,commerce
2786842,2,commerce
2786843,3,commerce
2786935,1,english
2786936,2,english
2786956,1,m.i.l
2786957,2,m.i.l
2786958,3,m.i.l
2786965,1,history
2786966,2,history
2786967,3,history
2786982,1,tool & die making
2786983,2,tool & die making
2786984,3,tool & die making
2786985,4,tool & die making
2787044,1,chemistry
2787045,2,chemistry
2787046,3,chemistry
2787056,1,ai & as
2787057,2,ai & as
2787058,3,ai & as
2787085,1,arts
2787086,2,arts
2787087,3,arts
2787140,1,management
2787141,2,management
2787142,3,management
2787144,1,management
2787145,2,management
2787146,3,management
2786861,1,politics
2786868,2,zoology
2786867,1,zoology
2786869,3,zoology
2786862,2,politics
2786863,3,politics
2787200,1,information technology
2787201,2,information technology
2787202,3,information technology
2787221,1,coumputer science
2787222,1,coumputer science
2787223,2,coumputer science
2787224,2,coumputer science
2787225,3,coumputer science
2787226,3,coumputer science
2787241,1,physiotherapy
2787242,2,physiotherapy
2787243,3,physiotherapy
2787244,4,physiotherapy
2787245,5,physiotherapy
2787250,1,science
2787251,2,science
2787252,3,science
2784278,3,arts
2784277,2,arts
2784276,1,arts
2549124,2,commerce
2549127,2,arts
2549125,3,commerce
2549123,1,commerce
2549126,1,arts
2549128,3,arts
2787400,1,mechanical engineering
2787401,2,mechanical engineering
2787402,3,mechanical engineering
2787443,1,commerce
2787444,2,commerce
2787549,1,commerce
2787550,2,commerce
2787557,1,sanskrit
2787558,2,sanskrit
2787559,3,sanskrit
2787563,1,maths
2787564,2,maths
2787565,3,maths
2787623,1,physics
2787624,2,physics
2787625,3,physics
2787650,1,mbbs
2787651,2,mbbs
2787652,3,mbbs
2787653,4,mbbs
2787654,5,mbbs
2787655,5,mbbs
2787699,1,science
2787700,2,science
2787701,3,science
2787712,1,software computer science
2787713,2,software computer science
2787714,3,software computer science
2787716,1,computer science
2787717,2,computer science
2787718,3,computer science
2787740,4,commerce
2787749,1,commerce
2787750,2,commerce
2787751,1,bio-chemistry
2787752,2,bio-chemistry
2787776,1,chemistry
2787777,2,chemistry
2787778,3,chemistry
2787849,1,civil
2787850,2,civil
2787851,3,civil
2787893,1,diploma
2787894,2,diploma
2787895,3,diploma
2787912,1,education
2787913,2,education
2652807,2,science
2652801,1,industrial microbiology
2652809,4,science
2652802,2,industrial microbiology
2652806,1,science
2652803,3,industrial microbiology
2652808,3,science
2787917,1,computer engineering
2787918,2,computer engineering
2787919,3,computer engineering
2787937,1,co-education
2787938,2,co-education
2787946,1,education
2788059,1,pathology
2788060,2,pathology
2788061,3,pathology
2788062,1,anatomy
2788063,2,anatomy
2788064,3,anatomy
2788111,1,nursing
2788112,2,nursing
2788114,1,nursing
2788115,2,nursing
2788124,1,m.com
2788125,2,m.com
2788191,1,physics
2788192,2,physics
2788193,3,physics
2788218,1,history
2788219,2,history
2788220,3,history
2788221,1,maithili
2788222,2,maithili
2788223,3,maithili
2713258,2,b.com.(gen.e/m)
2713257,1,b.com.(gen.e/m)
2713259,3,b.com.(gen.e/m)
2788292,1,all subjects
2788293,2,all subjects
2788294,3,all subjects
2785859,3,electronics and communication engineering
2785878,3,applied sc.
2785862,2,computer science and engineering
2785877,2,applied sc.
2785860,4,electronics and communication engineering
2785858,2,electronics and communication engineering
2785879,4,applied sc.
2785861,1,computer science and engineering
2785863,3,computer science and engineering
2785876,1,applied sc.
2785857,1,electronics and communication engineering
2785864,4,computer science and engineering
2788365,1,chemistry
2788366,2,chemistry
2788367,3,chemistry
2788380,1,electronics
2788381,2,electronics
2788382,3,electronics
2788383,1,b.com (p)
2788384,2,b.com (p)
2788385,3,b.com (p)
2788392,1,arts
2788393,2,arts
2788394,3,arts
2788400,1,computer application
2788406,1,comp science
2788407,2,comp science
2788408,3,comp science
2788431,1,bbi
2788432,2,bbi
2788433,3,bbi
2788434,1,commerce
2788435,2,commerce
2788436,3,commerce
2788523,1,vocational
2788524,2,vocational
2788525,3,vocational
2788526,1,c bc bt
2788527,2,c bc bt
2788528,3,c bc bt
2788575,1,english
2788576,2,english
2788585,1,science
2788586,2,science
2788587,3,science
2788637,1,ee
2788638,2,ee
2788639,3,ee
2788657,1,social work
2788658,2,social work
2635245,3,english
2635243,1,english
2635244,2,english
2788809,1,commerce
2788810,2,commerce
2788811,3,commerce
2788816,1,biological sciences
2788817,1,social studies
2788821,1,science
2788822,2,science
2788823,3,science
2788836,1,arts
2788837,2,arts
2788838,3,arts
2788959,1,political sc
2788960,2,political sc
2788973,1,economics
2788974,2,economics
2789059,1,arts
2789060,2,arts
2789061,3,arts
2789081,1,science
2789082,2,science
2789083,3,science
2789142,1,civil
2789143,2,civil
2789144,3,civil
2789168,1,economics
2789169,2,economics
2789190,1,english
2789191,2,english
2789192,3,english
2789217,1,computer science
2789218,2,computer science
2789219,3,computer science
2789231,1,botany
2789232,1,botany
2789233,2,botany
2789267,1,information technology
2789268,2,information technology
2789269,3,information technology
2789354,1,computer
2789355,2,computer
2789356,3,computer
2789366,1,co-operation
2789367,2,co-operation
2789368,3,co-operation
2789425,1,mechanical engineering
2789426,2,mechanical engineering
2789427,3,mechanical engineering
2789428,4,mechanical engineering
2789449,1,building construction and mangement
2789450,2,building construction and mangement
2789451,3,building construction and mangement
2789452,4,building construction and mangement
2789453,5,building construction and mangement
2789454,1,interior design
2789455,2,interior design
2789456,3,interior design
2789457,4,interior design
2789458,5,interior design
2789489,4,law
2789496,1,engineering
2789497,2,engineering
2789503,1,engineering
2789504,2,engineering
2789505,3,engineering
2789506,4,engineering
2789524,4,engineering
2789546,4,computer applications
2789547,1,computer applications
2789548,2,computer applications
2789549,3,computer applications
2789551,4,sciences
2789650,1,jain darshan
2789651,2,jain darshan
2789652,4,jain darshan
2789660,1,dharmashastra
2789661,2,dharmashastra
2730815,1,marathi
2730819,2,marathi
2730818,1,marathi
2730816,2,marathi
2730817,3,marathi
2789664,1,management
2789665,2,management
2789666,3,management
2789701,1,computational mathematics
2789702,2,computational mathematics
2789704,1,master of computer application
2789705,2,master of computer application
2789706,3,master of computer application
2789712,1,power & energy systems
2789713,2,power & energy systems
2789714,4,electrical & electronics engineering
2789724,1,computer engineering
2789725,2,computer engineering
2789726,3,computer engineering
2789727,4,computer engineering
2789733,1,electronics & communication engg
2789734,2,electronics & communication engg
2789735,3,electronics & communication engg
2789736,4,electronics & communication engg
2789739,4,school of management
2789753,1,information technology
2789754,2,information technology
2789755,3,information technology
2789756,4,information technology
2789783,1,structural engineering
2789784,2,structural engineering
2789787,1,transportation engineering
2789788,2,transportation engineering
2789789,1,construction technology and management
2789790,2,construction technology and management
2777411,3,commerce
2777410,2,commerce
2777409,1,commerce
2789848,1,compulsory
2789849,2,compulsory
2789850,3,compulsory
2789907,1,nursing
2789908,2,nursing
2789121,1,marathi
2789122,2,marathi
2789970,1,computer
2789245,2,management
2789244,1,management
2789246,3,management
2790085,1,education
2790086,2,education
2790104,1,electronics & comm engg
2790105,2,electronics & comm engg
2790106,3,electronics & comm engg
2790115,1,finance
2790116,2,finance
2790117,3,finance
2790167,1,commerce
2790168,2,commerce
2790169,3,commerce
2419419,3,b.com.
2419418,2,b.com.
2419417,1,b.com.
2790289,1,electrical engineering
2790290,2,electrical engineering
2790291,3,electrical engineering
2790384,1,general
2790385,2,general
2790396,1,i.t
2790397,2,i.t
2790398,3,i.t
2790417,1,ca
2790418,2,ca
2790419,3,ca
2790434,1,mechanical related subjects
2790435,2,mechanical related subjects
2790436,3,mechanical related subjects
2790437,4,mechanical related subjects
2790454,1,information subjects
2790455,2,information subjects
2790456,3,information subjects
2790457,4,information subjects
2790463,1,science
2790464,2,science
2790465,3,science
2790478,1,arts
2790479,2,arts
2790480,3,arts
2790499,1,dental
2790500,2,dental
2790501,3,dental
2790502,4,dental
2790503,5,dental
2790519,1,ece
2790520,2,ece
2790521,3,ece
2790522,4,ece
2790539,1,sahitya
2790540,2,sahitya
2789391,3,management
2789389,1,management
2789390,2,management
2790594,1,chmistry
2790595,2,chmistry
2790598,1,bca
2790599,2,bca
2790600,3,bca
2790572,1,zoology
2790573,2,zoology
2790657,4,education
2790655,2,education
2790653,3,community medicine
2790651,1,community medicine
2790652,2,community medicine
2790654,1,education
2790658,5,education
2790649,2,anatomy
2790656,3,education
2790648,1,anatomy
2790650,3,anatomy
2790666,1,arts/commerce/science/maths
2790667,2,arts/commerce/science/maths
2790677,1,management
2790678,2,management
2790679,3,management
2790718,1,mechanical
2790719,2,mechanical
2790720,3,mechanical
2790721,4,mechanical
2789348,1,management
2789335,4,technical
2789341,2,technical
2789342,3,technical
2789334,3,technical
2789349,2,management
2789343,4,technical
2789333,2,technical
2789340,1,technical
2789332,1,technical
2790839,1,civil engineering
2790840,2,civil engineering
2790841,3,civil engineering
2790845,1,education
2790846,2,education
2790870,1,commerce
2790871,2,commerce
2790874,1,arts
2790875,2,arts
2790876,3,arts
2790886,1,science
2790887,2,science
2790888,3,science
2790889,1,education
2790890,2,education
2790904,4,botany
2790909,1,biochemistry
2790910,2,biochemistry
2791033,1,mathematics
2791034,2,mathematics
2791168,1,ug
2791169,2,ug
2791170,3,ug
2791171,4,ug
2791192,1,bzc
2791193,2,bzc
2791194,3,bzc
2791212,1,anaesthesiology
2791213,2,anaesthesiology
2791214,3,anaesthesiology
2791250,1,business administration
2791251,2,business administration
2791252,3,business administration
2791288,1,commerce
2791289,2,commerce
2791290,3,commerce
2791359,1,science
2791360,2,science
2791361,3,science
2791409,1,b.sc-m.p.c
2791410,2,b.sc-m.p.c
2791411,3,b.sc-m.p.c
2791441,1,education
2791442,2,education
2791443,1,botany
2791444,2,botany
2791445,3,botany
2791452,1,pali
2791453,2,pali
2791454,3,pali
2791568,1,science(bzc)
2791569,2,science(bzc)
2791570,3,science(bzc)
2791589,1,science
2791590,2,science
2791591,3,science
2791617,1,arts
2791618,2,arts
2791619,3,arts
2791654,1,education
2791655,2,education
2791678,1,arts
2791679,2,arts
2791680,3,arts
2791726,1,mechanical
2791727,2,mechanical
2791728,3,mechanical
2791741,1,commerce
2791742,2,commerce
2791743,3,commerce
2617028,3,commerce
2617027,2,commerce
2617026,1,commerce
2791858,1,law
2791859,2,law
2791860,3,law
2791861,1,3 year ll.b course
2791862,2,3 year ll.b course
2791863,3,3 year ll.b course
2791877,1,education
2792023,4,arthroscopy
2792027,1,coumputer science
2792028,2,coumputer science
2792029,3,coumputer science
2622504,1,nano science & technology
2622496,2,aero dynamics
2622464,4,chemical engineering
2622462,2,chemical engineering
2622495,1,aero dynamics
2622469,1,chemical engineering
2622438,2,scientific computing
2622470,2,chemical engineering
2792086,4,science
2622463,3,chemical engineering
2792127,1,information security
2622461,1,chemical engineering
2622505,2,nano science & technology
2792136,2,information security
2622437,1,scientific computing
2792200,1,computer
2792201,2,computer
2792202,3,computer
2792234,1,science
2792235,2,science
2792236,3,science
2792237,4,science
2792251,1,computer science (lateral entry)
2792252,1,management
2792253,2,management
2792254,3,management
2792304,1,business administration
2792305,2,business administration
2792306,3,business administration
2792336,1,bcom computer
2792337,2,bcom computer
2792338,3,bcom computer
2792342,1,bcom finance and taxation
2792343,2,bcom finance and taxation
2792344,3,bcom finance and taxation
2792348,1,bcom marketing
2792349,2,bcom marketing
2792350,3,bcom marketing
2792377,1,arts
2792378,2,arts
2792379,3,arts
2792380,1,mpcs
2792381,2,mpcs
2792382,3,mpcs
2792464,1,science
2792465,2,science
2792466,3,science
2792540,1,history
2792541,2,history
2792542,3,history
2792543,1,commerce
2792544,2,commerce
2792545,3,commerce
2724614,1,education
2724615,2,education
2792625,1,bcom (general)
2792626,2,bcom (general)
2792627,3,bcom (general)
2792662,1,comp(em)
2792663,2,comp(em)
2792664,3,comp(em)
2792677,1,bzc
2792678,2,bzc
2792679,3,bzc
2792683,1,mecs
2792684,2,mecs
2792685,3,mecs
2792692,1,btzc
2792693,2,btzc
2792694,3,btzc
2792703,1,mech
2792705,3,mech
2792704,2,mech
2792706,4,mech
2792742,1,pg.diploma
2789808,1,mecs
2789809,2,mecs
2789810,3,mecs
2792774,1,commerce
2792775,2,commerce
2792776,3,commerce
2792807,1,english
2792810,1,physical science
2792902,1,eep
2792903,2,eep
2792904,3,eep
2792931,1,nursing
2792932,2,nursing
2792933,3,nursing
2792934,4,nursing
2792943,1,physical science
2792945,1,arts
2792946,2,arts
2792947,3,arts
2792948,1,commerce
2792949,2,commerce
2792950,3,commerce
2792963,1,cbz
2792964,2,cbz
2792965,3,cbz
2792969,1,computer
2792970,2,computer
2792971,3,computer
2792978,1,mpc
2792979,2,mpc
2792980,3,mpc
2793014,1,commerce
2793015,2,commerce
2793016,3,commerce
2793035,1,education
2793048,1,computer engineering
2793049,2,computer engineering
2793050,3,computer engineering
2793076,1,economics
2793126,1,computer applications
2793127,2,computer applications
2793128,3,computer applications
2793163,4,coumputer science
2793177,1,computer science & engineering
2793178,2,computer science & engineering
2793179,3,computer science & engineering
2793180,4,computer science & engineering
2793181,5,computer science & engineering
2793186,4,coumputer science
2793236,1,dmrd
2793237,2,dmrd
2793238,1,tb & chest
2793239,2,tb & chest
2793240,3,tb & chest
2793247,1,medicine
2793248,2,medicine
2793249,3,medicine
2793354,1,electrical & electronics engineering
2793355,2,electrical & electronics engineering
2793356,3,electrical & electronics engineering
2793357,1,civil engineering
2793358,2,civil engineering
2793359,3,civil engineering
2793366,4,sahitya
2708388,3,arts
2708371,3,hons.
2708387,2,arts
2708370,2,hons.
2708369,1,hons.
2708386,1,arts
2793392,1,instrumentation engineering
2793393,2,instrumentation engineering
2793394,3,instrumentation engineering
2793395,4,instrumentation engineering
2793396,1,mba
2793397,2,mba
2793472,1,commerce
2793473,2,commerce
2793474,3,commerce
2793532,1,commerce
2793533,2,commerce
2793534,3,commerce
2793504,3,civil
2793502,1,civil
2793503,2,civil
2793505,4,civil
2793600,1,cmmerce
2793601,2,cmmerce
2793602,3,cmmerce
2793651,1,library and information
2793733,1,science
2793734,2,science
2793735,3,science
2793751,1,cad/cam
2793752,2,cad/cam
2793774,1,mechanical engineering
2793775,2,mechanical engineering
2793776,3,mechanical engineering
2793777,4,mechanical engineering
2793789,1,electrical and electronics engineering
2793790,2,electrical and electronics engineering
2793791,3,electrical and electronics engineering
2793792,4,electrical and electronics engineering
2793801,1,vlsi design and signal processing
2793802,2,vlsi design and signal processing
2793814,1,computer science
2793815,2,computer science
2793816,3,computer science
2793826,1,physical education
2793827,2,physical education
2793828,1,arts
2793829,2,arts
2793830,3,arts
2793859,1,history
2793860,2,history
2793861,3,history
2793930,1,psychology
2793931,2,psychology
2793932,3,psychology
2793939,1,bengali
2793940,2,bengali
2793941,3,bengali
2793951,1,economics
2793952,2,economics
2793953,3,economics
2793972,1,mathematics
2793973,2,mathematics
2793974,3,mathematics
2794032,1,english
2794033,2,english
2794034,3,english
2794047,1,economics
2794048,2,economics
2794049,3,economics
2794065,1,arts
2794066,2,arts
2794067,3,arts
2794101,1,gandhian thought
2794102,2,gandhian thought
2794103,3,gandhian thought
2794119,1,english
2794120,2,english
2794121,3,english
2794137,1,botany
2794138,2,botany
2794139,3,botany
2794168,1,arts
2794169,2,arts
2794170,3,arts
2794314,1,chemical
2794315,2,chemical
2794316,3,chemical
2794317,4,chemical
2794330,1,communication and signal processing
2794331,2,communication and signal processing
2794338,1,mechanical
2794339,2,mechanical
2794340,3,mechanical
2794341,4,mechanical
2794368,1,ug
2794369,2,ug
2794370,3,ug
2794403,1,law
2794404,2,law
2794405,3,law
2794406,4,law
2794407,5,law
2794425,1,vlsi
2794426,2,vlsi
2794536,1,computer
2794537,2,computer
2794538,3,computer
2794539,4,computer
2794548,1,civil
2794549,2,civil
2794550,3,civil
2794551,4,civil
2794571,1,arts
2794572,2,arts
2794573,3,arts
2794624,1,chemistry
2794625,2,chemistry
2794626,1,zoology
2794627,2,zoology
2794719,1,spl. education
2794720,2,spl. education
2794721,1,special education (h.i.)
2794722,2,special education (h.i.)
2794739,1,electrical & electronics engineering
2794740,2,electrical & electronics engineering
2794741,3,electrical & electronics engineering
2794742,4,electrical & electronics engineering
2794755,1,education
2794756,2,education
2794762,1,hindi
2794763,2,hindi
2794764,3,hindi
2794790,4,jmc
2794792,4,sanskrit
2794795,4,hindi
2794801,4,music
2794830,1,economics
2794831,2,economics
2794842,1,political science
2794843,2,political science
2794876,1,mba
2794877,2,mba
2794927,3,arts
2794925,1,arts
2794926,2,arts
2794932,1,pharmaceutics
2794933,2,pharmaceutics
2794947,1,computers
2794948,2,computers
2794949,3,computers
2795042,1,mpharmacypa
2795043,2,mpharmacypa
2795044,1,mpharmacy
2795045,2,mpharmacy
2795049,1,travel tourism & hospitality management
2795050,2,travel tourism & hospitality management
2795051,3,travel tourism & hospitality management
2788919,1,commerce
2788921,3,commerce
2788920,2,commerce
2795074,1,library & information & science
2795092,1,philosophy
2795093,2,philosophy
2795094,3,philosophy
2795109,1,saskrit
2795110,2,saskrit
2795111,3,saskrit
2795124,1,chemistry
2795125,2,chemistry
2795126,3,chemistry
2795133,1,pol-science
2795134,2,pol-science
2795135,3,pol-science
2795182,1,psychology
2795183,2,psychology
2795184,3,psychology
2795197,1,electrical
2795198,1,electrical
2795199,2,electrical
2795200,2,electrical
2795201,3,electrical
2795202,3,electrical
2795229,1,education
2795242,1,nursing
2795243,2,nursing
2795244,3,nursing
2795296,1,medical surgical nursing
2795297,2,medical surgical nursing
2795308,1,mechanical
2795309,2,mechanical
2795310,3,mechanical
2795311,4,mechanical
2795323,1,civil engg
2795324,2,civil engg
2795325,3,civil engg
2795326,4,civil engg
2795334,1,btc-2012
2795335,2,btc-2012
2795352,1,arts
2795353,1,arts
2795354,2,arts
2795355,2,arts
2795356,3,arts
2795357,3,arts
2795364,1,science
2795365,1,science
2795366,2,science
2795367,2,science
2795368,3,science
2795369,3,science
2795498,1,fashion communication
2795499,2,fashion communication
2795500,3,fashion communication
2795501,4,fashion communication
2795583,1,information technology
2795584,2,information technology
2795585,3,information technology
2795586,4,information technology
2795594,1,data science
2795595,2,data science
2795608,4,humanities and social science (h
2795616,1,electronics and communication engineering
2795617,2,electronics and communication engineering
2795634,4,mechanical engineering
2795685,1,arts
2795686,2,arts
2795687,3,arts
2795703,1,arts
2795704,2,arts
2795705,3,arts
2795741,1,commerce
2795742,2,commerce
2795743,3,commerce
2795747,1,science
2795748,2,science
2795749,3,science
2795757,1,arts
2795758,2,arts
2795759,3,arts
2795760,1,science
2795761,2,science
2795762,3,science
2795799,1,physics
2795800,2,physics
2795801,3,physics
2795866,1,engineering
2795867,2,engineering
2795868,3,engineering
2795869,4,engineering
2795884,1,electronics and instrumentation
2795885,2,electronics and instrumentation
2795886,3,electronics and instrumentation
2795887,4,electronics and instrumentation
2795895,1,maths
2795909,1,sanskrit
2795922,1,architecture
2795923,2,architecture
2795928,1,english
2795929,2,english
2795930,1,physics
2795931,2,physics
2795932,3,physics
2795933,4,physics
2795934,5,physics
2795965,1,chemistry
2795966,2,chemistry
2796023,4,engineering
2796104,1,law
2796105,2,law
2796106,3,law
2790241,4,material science and engineering
2790173,4,mathematics
2790186,4,chemistry
2790185,4,chemistry
2790242,4,material science and engineering
2790218,4,civil and environmental engineering
2790217,4,civil and environmental engineering
2790174,4,mathematics
2796081,4,leather design
2796080,3,leather design
2796078,1,leather design
2796079,2,leather design
2796152,1,social studies
2796258,1,mpcs
2796259,2,mpcs
2796260,3,mpcs
2796261,1,res
2796262,2,res
2796263,3,res
2796264,1,mpc
2796265,2,mpc
2796266,3,mpc
2796300,1,arts
2796301,2,arts
2796302,3,arts
2796357,1,bio-chemistry
2796358,2,bio-chemistry
2796359,3,bio-chemistry
2796361,1,zoology
2796362,2,zoology
2796377,1,computer application
2796378,2,computer application
2796379,3,computer application
2796396,1,chemistry
2796397,1,chemistry
2796398,2,chemistry
2796399,2,chemistry
2796400,3,chemistry
2796401,3,chemistry
2796418,1,information technology
2796419,2,information technology
2796434,1,english
2796435,1,english
2796436,2,english
2796437,2,english
2796438,3,english
2796439,3,english
2796543,1,education
2796567,1,coumputer science
2796568,2,coumputer science
2796569,3,coumputer science
2796570,4,coumputer science
2796580,2,nursing
2796584,4,nursing
2796579,1,nursing
2796583,3,nursing
2796582,2,nursing
2796581,1,nursing
2796606,1,mass relation
2796607,2,mass relation
2796610,1,em
2796611,2,em
2796612,3,em
2796613,1,tm
2796614,2,tm
2796615,3,tm
2796616,1,general
2796617,2,general
2796618,3,general
2796656,4,english
2796663,1,economics
2796664,2,economics
2796679,1,political science
2796680,2,political science
2796686,1,refactoring
2796687,2,refactoring
2796688,3,refactoring
2796689,4,refactoring
2796702,1,computer science
2796703,2,computer science
2796704,3,computer science
2796756,1,education
2796757,2,education
2796769,1,management
2796770,2,management
2796771,3,management
2796772,1,music vocal
2796773,2,music vocal
2796774,3,music vocal
2796783,1,political science
2796784,2,political science
2796785,3,political science
2796786,1,computers (ug)
2796787,2,computers (ug)
2796788,3,computers (ug)
2796789,1,economics
2796790,2,economics
2796791,3,economics
2796800,1,hindi
2796801,2,hindi
2796802,3,hindi
2796803,1,computer application
2796804,2,computer application
2796805,3,computer application
2796812,1,nursing
2796813,2,nursing
2796814,3,nursing
2796815,4,nursing